Workbook

Sheet PON TEST SHEET
L1: Scan QR for Map
A2: PFP: F 4250 W RYAN RD PFP | D2: PROJECT: A051JAX | H2: CABLE ID: PON4250WRR
A3: TOTAL STRANDS: 582 | G3: TERMINALS: 188
A5: # | B5: Terminal | C5: Waldo ID | D5: PON Count | E5: Total Strands | F5: Test Port | G5: Test Strand | H5: Estm FT | I5: Real FT | J5: Failed Strand | K5: Lost | L5: @FT | M5: Task | N5: Status
A6: 1 | B6: R 4750 W WOODWARD DR CFST | C6: 230149299 | D6: 29-30 | E6: 2 | F6: 2 | G6: 29 | H6: 6588 | M6: =IFERROR(INDEX(Task!$A:$A,MATCH(TRIM(SUBSTITUTE(B6," CFST","")),Task!$G:$G,0)),"") -> 1.610 | N6: =IF(M6="","",IFERROR(INDEX(Orca!$B:$B,MATCH(--M6,Orca!$A:$A,0)),"")) -> O
A7: 2 | B7: R 4732 W WOODWARD DR CFST | C7: 230149280 | D7: 31-32 | E7: 2 | F7: 3 | G7: 32 | H7: 6461 | M7: =IFERROR(INDEX(Task!$A:$A,MATCH(TRIM(SUBSTITUTE(B7," CFST","")),Task!$G:$G,0)),"") -> 1.517 | N7: =IF(M7="","",IFERROR(INDEX(Orca!$B:$B,MATCH(--M7,Orca!$A:$A,0)),"")) -> O
A8: 3 | B8: R 4658 W WOODWARD DR CFST | C8: 230149190 | D8: 33-34 | E8: 2 | F8: 2 | G8: 33 | H8: 6174 | M8: =IFERROR(INDEX(Task!$A:$A,MATCH(TRIM(SUBSTITUTE(B8," CFST","")),Task!$G:$G,0)),"") -> 1.566 | N8: =IF(M8="","",IFERROR(INDEX(Orca!$B:$B,MATCH(--M8,Orca!$A:$A,0)),"")) -> O
A9: 4 | B9: R 4630 W WOODWARD DR CFST | C9: 230149302 | D9: 35-36 | E9: 2 | F9: 3 | G9: 36 | H9: 6052 | M9: =IFERROR(INDEX(Task!$A:$A,MATCH(TRIM(SUBSTITUTE(B9," CFST","")),Task!$G:$G,0)),"") -> 1.633 | N9: =IF(M9="","",IFERROR(INDEX(Orca!$B:$B,MATCH(--M9,Orca!$A:$A,0)),"")) -> O
A10: 5 | B10: R 4542 W WOODWARD DR CFST | C10: 230149176 | D10: 37-38 | E10: 2 | F10: 2 | G10: 37 | H10: 5834 | M10: =IFERROR(INDEX(Task!$A:$A,MATCH(TRIM(SUBSTITUTE(B10," CFST","")),Task!$G:$G,0)),"") -> 1.481 | N10: =IF(M10="","",IFERROR(INDEX(Orca!$B:$B,MATCH(--M10,Orca!$A:$A,0)),"")) -> C
A11: 6 | B11: R 4522 W WOODWARD DR CFST | C11: 230149269 | D11: 39-42 | E11: 4 | F11: 3 | G11: 41 | H11: 5702 | M11: =IFERROR(INDEX(Task!$A:$A,MATCH(TRIM(SUBSTITUTE(B11," CFST","")),Task!$G:$G,0)),"") -> 1.507 | N11: =IF(M11="","",IFERROR(INDEX(Orca!$B:$B,MATCH(--M11,Orca!$A:$A,0)),"")) -> C
A12: 7 | B12: R 8905 S 45TH CFST | C12: 230149271 | D12: 43-44 | E12: 2 | F12: 2 | G12: 43 | H12: 5657 | M12: =IFERROR(INDEX(Task!$A:$A,MATCH(TRIM(SUBSTITUTE(B12," CFST","")),Task!$G:$G,0)),"") -> 1.509 | N12: =IF(M12="","",IFERROR(INDEX(Orca!$B:$B,MATCH(--M12,Orca!$A:$A,0)),"")) -> O
A13: 8 | B13: R 4344 W HUNTERS CT CFST | C13: 230149150 | D13: 45-46 | E13: 2 | F13: 3 | G13: 46 | H13: 5601 | M13: =IFERROR(INDEX(Task!$A:$A,MATCH(TRIM(SUBSTITUTE(B13," CFST","")),Task!$G:$G,0)),"") -> 1.493 | N13: =IF(M13="","",IFERROR(INDEX(Orca!$B:$B,MATCH(--M13,Orca!$A:$A,0)),"")) -> O
A14: 9 | B14: R 4310 W HUNTERS CT CFST | C14: 230149267 | D14: 47-48 | E14: 2 | F14: 2 | G14: 47 | H14: 5223 | M14: =IFERROR(INDEX(Task!$A:$A,MATCH(TRIM(SUBSTITUTE(B14," CFST","")),Task!$G:$G,0)),"") -> 1.505 | N14: =IF(M14="","",IFERROR(INDEX(Orca!$B:$B,MATCH(--M14,Orca!$A:$A,0)),"")) -> C
A15: 10 | B15: R 8932 S 45TH CFST | C15: 230149156 | D15: 55-58 | E15: 4 | F15: 3 | G15: 57 | H15: 5226 | M15: =IFERROR(INDEX(Task!$A:$A,MATCH(TRIM(SUBSTITUTE(B15," CFST","")),Task!$G:$G,0)),"") -> 1.597 | N15: =IF(M15="","",IFERROR(INDEX(Orca!$B:$B,MATCH(--M15,Orca!$A:$A,0)),"")) -> O
A16: 11 | B16: R 4342 W WOODWARD DR CFST | C16: 230149192 | D16: 59-60 | E16: 2 | F16: 2 | G16: 59 | H16: 5045 | M16: =IFERROR(INDEX(Task!$A:$A,MATCH(TRIM(SUBSTITUTE(B16," CFST","")),Task!$G:$G,0)),"") -> 1.568 | N16: =IF(M16="","",IFERROR(INDEX(Orca!$B:$B,MATCH(--M16,Orca!$A:$A,0)),"")) -> O
A17: 12 | B17: F 4303 W WOODWARD DR CFST | C17: 230149183 | D17: 61-64 | E17: 4 | F17: 3 | G17: 63 | H17: 4545 | M17: =IFERROR(INDEX(Task!$A:$A,MATCH(TRIM(SUBSTITUTE(B17," CFST","")),Task!$G:$G,0)),"") -> 1.499 | N17: =IF(M17="","",IFERROR(INDEX(Orca!$B:$B,MATCH(--M17,Orca!$A:$A,0)),"")) -> O
... A193: 188 | B193: R 4125 W FIELDVIEW CT CFST | C193: 230149272 | D193: 861-864 | E193: 4 | F193: 1 | G193: 861 | H193: 1387 | M193: =IFERROR(INDEX(Task!$A:$A,MATCH(TRIM(SUBSTITUTE(B193," CFST","")),Task!$G:$G,0)),"") -> 1.510 | N193: =IF(M193="","",IFERROR(INDEX(Orca!$B:$B,MATCH(--M193,Orca!$A:$A,0)),"")) -> C

Sheet Task
A1: Print.Task | B1: FRC | C1: WAC | D1: Terminal Type | E1: Terminal Desc | F1: Terminal Count | G1: Terminal Address
A2: 1.499 | B2: 845C | C2: TESTP | D2: FST | E2: EVOLV4/25OTIP | F2: ["PON4250WRR,61-64"] | G2: F 4303 W WOODWARD DR
A3: 1.546 | B3: 845C | C3: TESTP | D3: FST | E3: EVOLV4/25OTIP | F3: ["X,1-1","PON4250WRR,355-355","PON4250WRR,356-356","X,4-4"] | G3: F 4444 W CENTRAL AV
A4: 1.486 | B4: 845C | C4: TESTP | D4: FST | E4: EVOLV4/25OTIP | F4: ["X,1-1","PON4250WRR,563-563","PON4250WRR,564-564","X,4-4"] | G4: F 8972 S 51ST
A5: 1.548 | B5: 845C | C5: TESTP | D5: FST | E5: EVOLV4/25OTIP | F5: ["PON4250WRR,457-460"] | G5: F 9474 S 43RD
A6: 1.569 | B6: 845C | C6: TESTP | D6: FST | E6: EVOLV4/25OTIP | F6: ["X,1-1","PON4250WRR,205-205","PON4250WRR,206-206","X,4-4"] | G6: R 4039 W SOUTHWOOD DR
A7: 1.629 | B7: 845C | C7: TESTP | D7: FST | E7: EVOLV4/25OTIP | F7: ["PON4250WRR,435-438"] | G7: R 4100 W BARNWOOD CT
A8: 1.637 | B8: 845C | C8: TESTP | D8: FST | E8: EVOLV4/25OTIP | F8: ["PON4250WRR,431-434"] | G8: R 4100 W CENTRAL AV
A9: 1.485 | B9: 845C | C9: TESTP | D9: FST | E9: EVOLV4/25OTIP | F9: ["X,1-1","PON4250WRR,833-833","PON4250WRR,834-834","X,4-4"] | G9: R 4100 W FIELDVIEW CT
A10: 1.665 | B10: 845C | C10: TESTP | D10: FST | E10: EVOLV4/25OTIP | F10: ["X,1-1","PON4250WRR,467-467","PON4250WRR,468-468","X,4-4"] | G10: R 4101 W BARNWOOD CT
A11: 1.539 | B11: 845C | C11: TESTP | D11: FST | E11: EVOLV4/25OTIP | F11: ["PON4250WRR,217-220"] | G11: R 4102 W HILLTOP CT
A12: 1.628 | B12: 845C | C12: TESTP | D12: FST | E12: EVOLV4/25OTIP | F12: ["X,1-1","PON4250WRR,831-831","PON4250WRR,832-832","X,4-4"] | G12: R 4105 W SOUTHWOOD DR
... A189: 1.503 | B189: 845C | C189: TESTP | D189: FST | E189: EVOLV4/25OTIP | F189: ["X,1-1","PON4250WRR,155-155","PON4250WRR,156-156","X,4-4"] | G189: R 9461 S 46TH
A191: Applied filters: Show Table Visual is 1 cfas_project_nbr contains 'a051jax'

Sheet Orca
A1: Task | B1: Status | C1: Open Flag | D1: Col D | E1: Terminal Desc | F1: WAC | G1: FRC | H1: Col H
A2: 1.478 | B2: C | C2: 0 | D2: T | E2: WIBPEEF1 | F2: TESTP | G2: 845C
A3: 1.479 | B3: C | C3: 0 | D3: T | E3: WIBPEEF1 | F3: TESTP | G3: 845C
A4: 1.48 | B4: C | C4: 0 | D4: T | E4: WIBPEEF1 | F4: TESTP | G4: 845C
A5: 1.481 | B5: C | C5: 0 | D5: T | E5: WIBPEEF1 | F5: TESTP | G5: 845C
A6: 1.482 | B6: O | C6: 1 | D6: T | E6: WIBPEEF1 | F6: TESTP | G6: 845C
A7: 1.483 | B7: C | C7: 0 | D7: T | E7: WIBPEEF1 | F7: TESTP | G7: 845C
A8: 1.484 | B8: C | C8: 0 | D8: T | E8: WIBPEEF1 | F8: TESTP | G8: 845C
A9: 1.485 | B9: C | C9: 0 | D9: T | E9: WIBPEEF1 | F9: TESTP | G9: 845C
A10: 1.486 | B10: C | C10: 0 | D10: T | E10: WIBPEEF1 | F10: TESTP | G10: 845C
A11: 1.487 | B11: O | C11: 1 | D11: T | E11: WIBPEEF1 | F11: TESTP | G11: 845C
A12: 1.488 | B12: C | C12: 0 | D12: T | E12: WIBPEEF1 | F12: TESTP | G12: 845C
A13: 1.489 | B13: O | C13: 1 | D13: T | E13: WIBPEEF1 | F13: TESTP | G13: 845C
... A189: 1.665 | B189: C | C189: 0 | D189: T | E189: WIBPEEF1 | F189: TESTP | G189: 845C
